Resistor,BandVoltage1,BandVoltage2,BandVoltage3,BandVoltage4,BandVoltage5,Average,StandardDev,StandardError
short,0.0001186,0.0001187,0.0001188,0.0001187,0.0001187,0.0001187,6.32456E-08,2.82843E-08
k1,0.000163,0.000163,0.0001628,0.0001627,0.0001627,0.00016284,1.35647E-07,6.0663E-08
k10,0.0003725,0.0003723,,,,0.0003724,1E-07,4.47214E-08
k20,,,,,,#DIV/0!,#DIV/0!,#DIV/0!
k32,,,,,,#DIV/0!,#DIV/0!,#DIV/0!
k48,,,,,,#DIV/0!,#DIV/0!,#DIV/0!
k100,,,,,,#DIV/0!,#DIV/0!,#DIV/0!